node_id,representative_lat,representative_lon
0,10.8000091,106.6606224
1,10.8025841,106.6399199
2,10.7981055,106.658565
3,10.8188257,106.6313788
4,10.7980401,106.6586037
5,10.7979359,106.6584002
6,10.8028606,106.6386974
7,10.8005391,106.6638266
8,10.8055073,106.6571273
9,10.8016163,106.6516771
10,10.7844617,106.6541438
11,10.8198821,106.6310435
12,10.8045521,106.6646465
13,10.7980264,106.6437296
14,10.7980931,106.6437505
15,10.8003236,106.6473307
16,10.8027532,106.647549
17,10.8062881,106.6548909
18,10.8018232,106.6474685
19,10.8019783,106.645644
20,10.8215524,106.6305476
21,10.7977866,106.6582552
22,10.8233196,106.6296284
23,10.8069026,106.6479308
24,10.8204753,106.6308505
25,10.8081636,106.6480085
26,10.8231795,106.6297597
27,10.7963062,106.6469313
28,10.8002588,106.6608786
29,10.8137406,106.6328984
30,10.8017637,106.6481683
31,10.7979344,106.6471199
32,10.7918055,106.6553787
33,10.814075,106.6326949
34,10.8060683,106.6551565
35,10.8205927,106.6308154
36,10.8007281,106.662283
37,10.8041695,106.6616734
38,10.7926968,106.6537942
39,10.7900764,106.652459
40,10.7928846,106.6534492
41,10.8203702,106.630883
42,10.807646,106.6348114
43,10.8139945,106.6332511
44,10.8140372,106.6327928
45,10.8019459,106.6479093
46,10.8017868,106.6478969
47,10.8045678,106.6611142
48,10.8007344,106.6600827
49,10.801282,106.637651
50,10.8012256,106.6378845
51,10.7917634,106.6554563
52,10.801765,106.6499412
53,10.801749,106.6501285
54,10.8009853,106.6473889
55,10.8013388,106.6376786
56,10.82347,106.629476
57,10.8011717,106.662181
58,10.8006326,106.6616736
59,10.8018609,106.6470249
60,10.8020166,106.6470405
61,10.7963674,106.6469636
62,10.7979328,106.6440489
63,10.7895614,106.6596506
64,10.7941738,106.6510425
65,10.8241397,106.6287604
66,10.8025371,106.6635114
67,10.800684,106.6609869
68,10.7954899,106.6484568
69,10.7781816,106.6560266
70,10.8006063,106.6611353
71,10.8011714,106.6378545
72,10.8006172,106.6610366
73,10.7961139,106.6474333
74,10.7960557,106.6473996
75,10.7965676,106.6546336
76,10.7915915,106.6526603
77,10.8010274,106.6570556
78,10.8131861,106.6330771
79,10.7963946,106.6467667
80,10.7968902,106.6458437
81,10.7901741,106.6525675
82,10.8045691,106.6477045
83,10.8019803,106.6474861
84,10.7867416,106.6534901
85,10.7926478,106.6537628
86,10.8074364,106.6349771
87,10.7929415,106.6533454
88,10.7928358,106.6534173
89,10.7873303,106.6533221
90,10.7968253,106.6543835
91,10.8007606,106.6597524
92,10.8087581,106.6343929
93,10.7955287,106.6556162
94,10.7896123,106.659554
95,10.8007485,106.6386407
96,10.7888358,106.6610116
97,10.785053,106.653975
98,10.7778539,106.6561296
99,10.7796572,106.6555118
100,10.8023857,106.6423344
101,10.7784392,106.6558538
102,10.7902768,106.6525413
103,10.7941177,106.6510104
104,10.7978645,106.6440313
105,10.8044603,106.6610828
106,10.7994453,106.647261
107,10.8093335,106.6480851
108,10.809569,106.6480957
109,10.7954562,106.6556875
110,10.797365,106.6470631
111,10.8047981,106.6645989
112,10.801113,106.6575558
113,10.8021441,106.665778
114,10.802715,106.6636114
115,10.7945909,106.6501322
116,10.785619,106.6538148
117,10.8010827,106.6564177
118,10.8065965,106.6479018
119,10.8017255,106.6496206
120,10.7944886,106.6503202
121,10.7978185,106.6583852
122,10.8029084,106.6361258
123,10.7957762,106.6553726
124,10.7978864,106.6583521
125,10.7978681,106.6584341
126,10.8016374,106.6496541
127,10.7805243,106.655272
128,10.817868,106.6316732
129,10.8010476,106.6568219
130,10.7969902,106.6541743
